{"cameraMode":{"drawMode":0,"name":"Shaded","section":"Shading Mode"},"sceneLighting":false,"audioPlay":false,"sceneViewState":{"m_AlwaysRefresh":true,"showFog":true,"showSkybox":false,"showFlares":true,"showImageEffects":true,"showParticleSystems":true,"showVisualEffectGraphs":true,"m_FxEnabled":true},"in2DMode":false,"pivot":{"x":3.2202353477478029,"y":-1.3161213397979737,"z":88.1178207397461},"rotation":{"x":-0.10885818302631378,"y":-0.25294187664985659,"z":0.02866140380501747,"w":-0.9608851671218872},"size":2.5111796855926515,"orthographic":false}