{"cameraMode":{"drawMode":0,"name":"Shaded","section":"Shading Mode"},"sceneLighting":false,"audioPlay":false,"sceneViewState":{"m_AlwaysRefresh":true,"showFog":true,"showSkybox":false,"showFlares":true,"showImageEffects":true,"showParticleSystems":true,"showVisualEffectGraphs":true,"m_FxEnabled":true},"in2DMode":false,"pivot":{"x":1.1844149827957154,"y":0.03586007282137871,"z":217.48960876464845},"rotation":{"x":0.04357440769672394,"y":0.10022874176502228,"z":-0.0043955533765256409,"w":0.9940004348754883},"size":0.8660253882408142,"orthographic":false}